<?xml version="1.0" encoding="UTF-8"?>
<beans xmlns="http://www.springframework.org/schema/beans"
	xmlns:xsi="http://www.w3.org/2001/XMLSchema-instance"
	xmlns:aop="http://www.springframework.org/schema/aop"
	xmlns:p="http://www.springframework.org/schema/p"
	xsi:schemaLocation="http://www.springframework.org/schema/beans  
               http://www.springframework.org/schema/beans/spring-beans-3.0.xsd
               http://www.springframework.org/schema/aop
               http://www.springframework.org/schema/aop/spring-aop-3.0.xsd ">
	<aop:aspectj-autoproxy />
<!-- 	<bean id="trianle" class="com.aop.model.Triangle">
		<property name="name" value="Equilateral Triangle" />
	</bean>
	<bean id="circle" class="com.aop.model.Circle">
		<property name="name" value="Semi Circle" />
	</bean>
	<bean id="L" class="com.aop.Aspects.LogginAspect" /> -->


	<bean id="dbop" class="com.aop.model.DBoperations" />
	<bean id="LE" class="com.aop.Aspects.LoginEmployeeAspect" />
	<bean id="D1" class="com.aop.model.Dept">
		<property name="dno" value="7" />
		<property name="dname" value="Sales" />
	</bean>
	<!-- <bean id="S" class="com.aop.model.Shape" autowire="byName"> </bean> -->

</beans>