<?xml version="1.0" encoding="UTF-8"?>
<beans xmlns="http://www.springframework.org/schema/beans"
	xmlns:xsi="http://www.w3.org/2001/XMLSchema-instance"
	xmlns:p="http://www.springframework.org/schema/p"
	xsi:schemaLocation="http://www.springframework.org/schema/beans  
               http://www.springframework.org/schema/beans/spring-beans-3.0.xsd">

	<bean id="emp" class="techwave.com.in.pojo.Emp">
		<property name="eName" value="Rahul" />
		<property name="eNo" value="100" />
	</bean>
	<bean id="emp1" class="techwave.com.in.pojo.Emp">
		<property name="eName" value="Ajay" />
		<property name="eNo" value="0101" />
	</bean>


	<bean id="EA" class="techwave.com.in.pojo.Emp">
		<constructor-arg value="Rahul_Nayak"></constructor-arg>
		<constructor-arg value="100001"></constructor-arg>
		<constructor-arg ref="A"></constructor-arg>
	</bean>
	<bean id="A" class="techwave.com.in.pojo.Address">
		<property name="addressId" value="20000"/>
		<property name="street" value="St"/>
		<property name="city" value="Hyd"></property>
	</bean>

</beans>