<?xml version="1.0" encoding="UTF-8"?>
<beans xmlns="http://www.springframework.org/schema/beans"
	xmlns:xsi="http://www.w3.org/2001/XMLSchema-instance"
	xmlns:p="http://www.springframework.org/schema/p"
	xsi:schemaLocation="http://www.springframework.org/schema/beans  
               http://www.springframework.org/schema/beans/spring-beans-3.0.xsd">


	<bean id="S" class="com.ioc.SpringDemo.StudentEx.Pojo.Student">
		<constructor-arg value="01"></constructor-arg>
		<constructor-arg value="Anjali"></constructor-arg>
		<constructor-arg value="Female"></constructor-arg>
		<constructor-arg value="CSE"></constructor-arg>
		<constructor-arg value="Java"></constructor-arg>
	</bean>



</beans>
