<?xml version="1.0" encoding="UTF-8"?>
 <!DOCTYPE hibernate-configuration PUBLIC "-//Hibernate/Hibernate Configuration DTD 3.0//EN"
    "http://hibernate.sourceforge.net/hibernate-configuration-3.0.dtd">
<hibernate-configuration>
	<session-factory>
		<property name="hbm2ddl.auto">update</property>

		<property name="dialect">org.hibernate.dialect.OracleDialect</property>
		<property name="connection.driver_class">oracle.jdbc.driver.OracleDriver</property>
		<property name="connection.url">jdbc:oracle:thin:@localhost:1521:orcl</property>
		<property name="connection.username">system</property>
		<property name="connection.password">Admin#123</property>
		<property name="show_sql">true</property>
		<mapping class="Hibenetdemo.Demo11.Mapping2.POJO.DEPTTEST2" />
		<mapping class="Hibenetdemo.Demo11.Mapping2.POJO.EMPtest2" />
	</session-factory>

</hibernate-configuration>