<?xml version="1.0" encoding="UTF-8"?>
<!DOCTYPE hibernate-mapping PUBLIC 
    "-//Hibernate/Hibernate Mapping DTD 3.0//EN"
    "http://www.hibernate.org/dtd/hibernate-mapping-3.0.dtd">
<hibernate-mapping>
	<class name="techwave.mappin.POJO.Mapping2.Dept"
		table="tblDeptxml">
		<id name="deptno" column="departmentno">
			<generator class="assigned" />
		</id>
		<property name="dname" />
	</class>


	<class name="techwave.mappin.POJO.Mapping2.Emp" table="tblEmpxml">
		<id name="empno" column="employeeno" length="5">
			<generator class="assigned" />
		</id>
		<property name="eName" length="10" />
		<property name="gender" length="8" />
		<many-to-one name="dept"
			class="techwave.mappin.POJO.Mapping2.Dept" column="deptno"
			not-null="true" />

		<query name="findByename">
		<![CDATA[from Emp where Ename=:name]]>
		</query>

	</class>

	<class name="techwave.mappin.POJO.Mapping2.salary"
		table="SalTable">
		<id name="empno" length="5">
			<generator class="foreign">
				<param name="property">eno</param>
			</generator>
		</id>
		<property name="basic" />
		<one-to-one name="eno"
			class="techwave.mappin.POJO.Mapping2.Emp" constrained="true"></one-to-one>


	</class>








</hibernate-mapping>