<?xml version="1.0" encoding="UTF-8"?>
<beans xmlns="http://www.springframework.org/schema/beans"
	xmlns:xsi="http://www.w3.org/2001/XMLSchema-instance"
	xmlns:p="http://www.springframework.org/schema/p"
	xsi:schemaLocation="http://www.springframework.org/schema/beans  
               http://www.springframework.org/schema/beans/spring-beans-3.0.xsd">
	<bean id="R" class="com.ioc.SpringDemo.Clasess.Rectangle"
		autowire="constructor">
	</bean>
	<bean id="pointA" class="com.ioc.SpringDemo.Clasess.point">
		<property name="X" value="0" />
		<property name="Y" value="0" />
	</bean>
	<bean id="pointB" class="com.ioc.SpringDemo.Clasess.point">
		<property name="X" value="0" />
		<property name="Y" value="10" />
	</bean>
	<bean id="pointC" class="com.ioc.SpringDemo.Clasess.point">
		<property name="X" value="10" />
		<property name="Y" value="10" />
	</bean>
	<bean id="pointD" class="com.ioc.SpringDemo.Clasess.point">
		<property name="X" value="10" />
		<property name="Y" value="0" />
	</bean>



</beans>