<?xml version="1.0" encoding="UTF-8"?>
<beans xmlns="http://www.springframework.org/schema/beans"
	xmlns:xsi="http://www.w3.org/2001/XMLSchema-instance"
	xmlns:p="http://www.springframework.org/schema/p"
	xsi:schemaLocation="http://www.springframework.org/schema/beans  
               http://www.springframework.org/schema/beans/spring-beans-3.0.xsd">

<!-- 	<bean id="S" class="com.ioc.SpringDemo.Clasess.Square">
		<property name="list">
			<list>
				<ref bean="pointA" />
				<ref bean="pointB" />
				<ref bean="pointC" />
				<ref bean="pointD" />
			</list>
		</property>
		<property name="No">
			<list>
				<value>10</value>
				<value>10</value>
				<value>10</value>
				<value>10</value>

			</list>
		</property>
		<property name="set">
			<set>
				<value>10</value>
				<value>20</value>
				<value>30</value>
				<value>501</value>
			</set>
		</property>
	</bean>
	<bean id="pointA" class="com.ioc.SpringDemo.Clasess.point">
		<property name="X" value="0" />
		<property name="Y" value="0" />
	</bean>
	<bean id="pointB" class="com.ioc.SpringDemo.Clasess.point">
		<property name="X" value="0" />
		<property name="Y" value="10" />
	</bean>
	<bean id="pointC" class="com.ioc.SpringDemo.Clasess.point">
		<property name="X" value="10" />
		<property name="Y" value="10" />
	</bean>
	<bean id="pointD" class="com.ioc.SpringDemo.Clasess.point">
		<property name="X" value="10" />
		<property name="Y" value="0" />
	</bean> -->
	<bean id="S" class="com.ioc.SpringDemo.Clasess.Square">
		<constructor-arg>
			<list >
			        <ref bean="pointA"/>
					<ref bean="pointB"/>
					<ref bean="pointC"/>
					<ref bean="pointD"/>
			</list>
		</constructor-arg>
		<constructor-arg>
		<list>
				<value>10</value>
				<value>10</value>
				<value>10</value>
				<value>10</value>
			</list>
		</constructor-arg>
		<constructor-arg>
			<set>
				<value>10</value>
				<value>20</value>
				<value>20</value>
				<value>501</value>
			</set>
		</constructor-arg>
		<constructor-arg>
			<list>
				<value>Rahul</value>
				<value>Raju</value>
				<value>Ramulu</value>
				<value>Ramesh</value>
			</list>
		</constructor-arg>
	</bean>
	<bean id="pointA" class="com.ioc.SpringDemo.Clasess.point">
		<constructor-arg value="10" />
		<constructor-arg  value="20"/>
	</bean>
	<bean id="pointB" class="com.ioc.SpringDemo.Clasess.point">
		<constructor-arg value="10" />
		<constructor-arg  value="20"/>
	</bean>
	<bean id="pointC" class="com.ioc.SpringDemo.Clasess.point">
		<constructor-arg value="10" />
		<constructor-arg  value="20"/>
	</bean>
	<bean id="pointD" class="com.ioc.SpringDemo.Clasess.point">
		<constructor-arg value="10" />
		<constructor-arg  value="20"/>
	</bean> 
</beans>