<?xml version="1.0" encoding="UTF-8"?>
<beans xmlns="http://www.springframework.org/schema/beans"
	xmlns:xsi="http://www.w3.org/2001/XMLSchema-instance"
	xmlns:p="http://www.springframework.org/schema/p"
	xsi:schemaLocation="http://www.springframework.org/schema/beans  
               http://www.springframework.org/schema/beans/spring-beans-3.0.xsd">

	<bean id="T" class="com.ioc.SpringDemo.Clasess.Triangle"></bean>
	<bean id="C" class="com.ioc.SpringDemo.Clasess.Circle"></bean>
	<bean id="T1" class="com.ioc.SpringDemo.Clasess.Triangle">
		<constructor-arg value="30" />
		<constructor-arg value="40" />
	</bean>
	<bean id="T2" class="com.ioc.SpringDemo.Clasess.Triangle">
		<constructor-arg value="300" />
	</bean>
	<bean id="Ts1" class="com.ioc.SpringDemo.Clasess.Triangle">
		<property name="base" value="100" />
		<property name="ht" value="100" />
	</bean>
	<bean id="R" class="com.ioc.SpringDemo.Clasess.Rectangle">

		<property name="pointA" ref="PA" />
		<property name="pointB" ref="PB" />
		<property name="pointC" ref="PC" />
		<property name="pointD" ref="PD" />

	</bean>
	<bean id="PA" class="com.ioc.SpringDemo.Clasess.point">
		<property name="X" value="0" />
		<property name="Y" value="0" />
	</bean>
	<bean id="PB" class="com.ioc.SpringDemo.Clasess.point">
		<property name="X" value="0" />
		<property name="Y" value="10" />
	</bean>
	<bean id="PC" class="com.ioc.SpringDemo.Clasess.point">
		<property name="X" value="10" />
		<property name="Y" value="10" />
	</bean>
	<bean id="PD" class="com.ioc.SpringDemo.Clasess.point">
		<property name="X" value="10" />
		<property name="Y" value="0" />
	</bean>

</beans>