<?xml version="1.0" encoding="UTF-8"?>
<beans xmlns="http://www.springframework.org/schema/beans"
	xmlns:xsi="http://www.w3.org/2001/XMLSchema-instance"
	xmlns:p="http://www.springframework.org/schema/p"
	xsi:schemaLocation="http://www.springframework.org/schema/beans  
               http://www.springframework.org/schema/beans/spring-beans-3.0.xsd">

	<bean id="T" class="com.ioc.SpringDemo.Clasess.Triangle"></bean>
	<bean id="C" class="com.ioc.SpringDemo.Clasess.Circle"></bean>
	<bean id="T1" class="com.ioc.SpringDemo.Clasess.Triangle">
		<constructor-arg value="30"></constructor-arg>
		<constructor-arg value="40"></constructor-arg>
	</bean>
	<bean id="T2" class="com.ioc.SpringDemo.Clasess.Triangle">
		<constructor-arg value="300"></constructor-arg>
	</bean>



</beans>