<?xml version="1.0" encoding="UTF-8"?>
<!DOCTYPE hibernate-mapping PUBLIC 
    "-//Hibernate/Hibernate Mapping DTD 3.0//EN"
    "http://www.hibernate.org/dtd/hibernate-mapping-3.0.dtd">
<hibernate-mapping>
	<class name="Mappin2.pojo.DEPTTEST" table="Depttestxml">
		<id name="deptno" column="departmentNo">
			<generator class="assigned" />
		</id>
		<property name="dname" />
		<property name="loc" />
	</class>
	
	<class name="Mappin2.pojo.EMPtest" table="emptestxml">
		<id name="empNo" column="employeeNo" length="5">
			<generator class="assigned" />
		</id>
		<property name="eName" length="10" />
		<property name="job" length="8" />
		<property name="mgr" length="8" />
		<property name="hiredate"  />
		<property name="sal" length="8" />
		<property name="comm" length="8" />
		<many-to-one name="Deptno"
			class="Mapping2.pojo.DEPTTEST" column="deptno"
			not-null="true" />
	</class>

</hibernate-mapping>