<?xml version="1.0" encoding="UTF-8"?>
<!DOCTYPE hibernate-mapping PUBLIC 
    "-//Hibernate/Hibernate Mapping DTD 3.0//EN"
    "http://www.hibernate.org/dtd/hibernate-mapping-3.0.dtd">

<hibernate-mapping>
	<class name="RelationwithXML.onetoMany.pojo.EmployeeXml">
		<id name="empNo">
			<generator class="native"></generator>
		</id>
		<property name="ename" />
		<many-to-one name="locatopnid"
			class="RelationwithXML.onetoMany.pojo.EmployeeXml" />
	</class>


</hibernate-mapping>