<?xml version="1.0" encoding="UTF-8"?>
<!DOCTYPE hibernate-mapping PUBLIC 
    "-//Hibernate/Hibernate Mapping DTD 3.0//EN"
    "http://www.hibernate.org/dtd/hibernate-mapping-3.0.dtd">
<hibernate-mapping>
	<class name="RelationwithXML.onetoMany.pojo.SalaryXml">
		<id name="empno">
		<generator class="foreign">
		<param name="property">employee</param>
		
		</generator>
		</id>
		<property name="basic"></property>
		<one-to-one name="employee" class="RelationwithXML.onetoMany.pojo.EmployeeXml"></one-to-one>
		
	</class>
</hibernate-mapping>