<?xml version="1.0" encoding="UTF-8"?>
<beans xmlns="http://www.springframework.org/schema/beans"
	xmlns:xsi="http://www.w3.org/2001/XMLSchema-instance"
	xmlns:p="http://www.springframework.org/schema/p"
	xsi:schemaLocation="http://www.springframework.org/schema/beans  
               http://www.springframework.org/schema/beans/spring-beans-3.0.xsd">

	<bean id="T" class="techwave.com.in.pojo.Triangle" />

	<bean id="T1" class="techwave.com.in.pojo.Triangle">
		<constructor-arg value="100"></constructor-arg>
		<constructor-arg value='200'></constructor-arg>
	</bean>

	<bean id="T2" class="techwave.com.in.pojo.Triangle">
		<constructor-arg value="10"></constructor-arg>
	</bean>

	<bean id="R" class="techwave.com.in.pojo.Rectangle" />


</beans>