<?xml version="1.0" encoding="UTF-8"?>
<!DOCTYPE hibernate-mapping PUBLIC 
    "-//Hibernate/Hibernate Mapping DTD 3.0//EN"
    "http://www.hibernate.org/dtd/hibernate-mapping-3.0.dtd">
<hibernate-mapping>
	<class name="RahulNayak.Hiber_Ex3.POJO.Booklet1" table="Booklet1">
		<id name="bookId">
			<generator class="native" />
		</id>
		<property name="bookName" column="book_Name" />
		<property name="author" />
		<property name="cost" />
		<property name="pub_date" />
	</class>
</hibernate-mapping>